Carimbo de data/hora,Qual é a sua faixa etária?,Qual seu nível de escolaridade?,Qual a sua ocupação atual?,"Em qual cidade, estado e país você reside? Ex: Curitiba, PR, Brasil",Qual a sua faixa de renda familiar mensal?,Você trabalha ou estuda na área de tecnologia/computação?,Como você teve seu primeiro contato com a área de computação?,Você é produtor ou trabalha com a produção de podcasts relacionados à área da computação?,Assinale suas principais motivações para entrar na área de tecnologia,Quanto tempo em média você dedica semanalmente a ouvir podcasts da área de computação?,Quais plataformas você utiliza para ouvir podcasts?,Quais são suas fontes de informação sobre tecnologia?,Você encontra conteúdo tecnológico relevante em português?,Com qual gênero você se identifica?,"Você acredita que os temas abordados nos podcasts sobre computação são tratados de forma inclusiva em relação à diversidade de gênero, étnico-racial e social, evitando estereótipos e discursos preconceituosos? (de 1 a 5, sendo 1 pouco inclusivo e 5 totalmente inclusivo)","Os podcasts na área da computação destacam e valorizam as contribuições de pessoas de diferentes origens, identidades de gêneros e racial, e oferecem oportunidades equitativas para que diferentes vozes sejam ouvidas?",Quão importante são legendas e transcrição dos podcast para você?,Você acha importante a autodescrição dos participantes do podcast?,Você poderia indicar um podcast que te represente de forma inclusiva:,Quais são os principais temas relacionados à inclusão e representatividade abordados nos podcasts sobre computação que você costuma ouvir?,O que poderia ser feito para melhorar a inclusão e a representatividade nesses podcasts? ,Existem temas relacionados a inclusão e representatividade que você gostaria de ver mais explorados nos podcasts da área da computação?
24/04/2025 15:15:59,Maior que 58 anos.,Pós-graduação stricto sensu (Mestrado ou Doutorado) completa,Professor,"Curitiba, PR, Brasil",entre 6 e 10 salários mínimos,"Sim, trabalho",Computadores na faculdade,Não,"Interesse por tecnologia, Oportunidades de carreira",1 a 3 horas,Youtube ou YouTube Music,"Redes sociais, Livros e revistas, Eventos e conferências, Podcasts, Artigos científicos","Sim, encontro facilmente",Masculino,4,"Às vezes, destacam",4,Não,Fronteiras da Engenharia de Software,,,
24/04/2025 15:17:42,Entre 26 anos e 41 anos,Superior completo (graduação),Programadora backend ,"Santo André, SP",entre 11 e 15 salários mínimos,"Sim, trabalho e estudo",Na adolescência fazendo um curso básico de informática,Não,"Oportunidades de carreira, Potencial de renda, Poder trabalhar home office",Não escuta,Não ouço podcasts,"Redes sociais, Livros e revistas, Artigos científicos","Às vezes, encontro",Feminino,1,"Às vezes, destacam",1,Sim,,,,
24/04/2025 15:52:55,Entre 26 anos e 41 anos,"Pós-graduação lato sensu (Especialização, Residência, MBA) completa",Engenheiro de Software,"Campinas, SP, Brasil",mais de 15 salários mínimos,"Sim, trabalho e estudo",Aulas de informática,Sim,"Interesse por tecnologia, Oportunidades de carreira, Desejo de resolver problemas",1 a 3 horas,Spotify,"Redes sociais, Livros e revistas, Eventos e conferências","Às vezes, encontro",Masculino,2,"Não, não destacam",1,Não,,Neurodivergência,Uma rede de podcast que fosse independente das grandes empresas da área.,"Empregos fora da área RJ/SP
Regionalismos
Computação fora do mundinho web (back/front)"
24/04/2025 16:28:31,Entre 42 anos e 57 anos,Superior incompleto,Servidor público,Sete Lagoas ,mais de 15 salários mínimos,"Sim, trabalho e estudo",Ganhei livros de dbase e clipper pra ler no hospital quando quebrei o pescoço,Não,Interesse por tecnologia,4 a 6 horas,Youtube ou YouTube Music,"Redes sociais, Podcasts","Sim, encontro facilmente",Masculino,3,"Às vezes, destacam",1,Não,,Limitam-se a destacar quando algo foi feito por uma mulher ou PCD com frases como: e ela é mulher! ,"Entrevistas com pessoas que têm conteúdo e conhecimento, levando em consideração mais esses dois pontos que o fato de ser mulher ou ser PCD",
24/04/2025 16:45:51,Entre 18 e 25 anos,Superior completo (graduação),Analisar e Desenvolvedor de software ,"Itu, sp brasil",entre 6 e 10 salários mínimos,"Sim, trabalho",jogos eletrônicos ,Não,"Interesse por tecnologia, Oportunidades de carreira, Potencial de renda, Desejo de resolver problemas",Menos de 1 hora,Spotify,"Redes sociais, Blogs e vlogs, Eventos e conferências","Às vezes, encontro",Masculino,2,"Às vezes, destacam",1,Não,,,,
24/04/2025 16:56:31,Entre 26 anos e 41 anos,Pós-graduação stricto sensu (Mestrado ou Doutorado) completa,Analista de Sistemas,Curitiba,entre 11 e 15 salários mínimos,"Sim, trabalho e estudo",escola - ensino fundamental,Não,Interesse por tecnologia,Menos de 1 hora,Youtube ou YouTube Music,"Redes sociais, Blogs e vlogs, Eventos e conferências, Artigos científicos","Às vezes, encontro",Feminino,3,"Às vezes, destacam",3,Sim,Emilias podcast,"Prefiro ouvir mulheres que estão contribuindo ativamente na academia e empresas. As mulheres tem muito para falar sobre isso. Não gosto muito da abordagem para restringir mulheres aos temas de ""preconceito na área de computação"", inclusão e diversidade, apesar de serem muito importantes, as limita. Homens quando são chamados para podcasts, nunca são chamados para relatar suas dores, somente suas conquistas.","Convidar mulheres para falar de aspectos técnicos da computação e sua experiência. Infelizmente, vários podcasts e entrevistas chamam a mulher só pra falar das dores e preconceitos na área, como se esse sofrimento resumisse nossa trajetória.","Convidar mulheres de destaque que conseguiram ascender na carreira sem vir de famílias ricas ou contatos influentes (marido, família, política, etc) e qual caminho percorreram. O difícil é conseguir identificar isso. Muitas mulheres que ascendem através de favores, prejudicam outras mulheres de ascender."
24/04/2025 16:56:42,Entre 26 anos e 41 anos,Superior completo (graduação),Engenheiro de Software,"Juiz de Fora, MG",mais de 15 salários mínimos,"Sim, trabalho","Através da linguagem Actionscript, Flash e RPG Maker com uma linguagem de scripting baseada em ruby",Não,"Interesse por tecnologia, Desejo de resolver problemas",4 a 6 horas,Spotify,"Redes sociais, Blogs e vlogs, Eventos e conferências, Artigos científicos","Não, tenho dificuldade de encontrar",Masculino,5,"Às vezes, destacam",3,Sim,,,,
24/04/2025 18:24:28,Entre 26 anos e 41 anos,"Pós-graduação lato sensu (Especialização, Residência, MBA) completa",Desenvolvedor,"Curitiba, PR, Brasil",entre 11 e 15 salários mínimos,"Sim, trabalho e estudo",Final dos anos 1990,Não,"Oportunidades de carreira, Potencial de renda",Não escuta,,"Livros e revistas, Artigos científicos","Não, tenho dificuldade de encontrar",Masculino,4,"Às vezes, destacam",2,,,,,
24/04/2025 18:48:25,Entre 26 anos e 41 anos,Superior completo (graduação),QA Tester,"Curitiba, PR, Brasil",entre 6 e 10 salários mínimos,"Sim, trabalho","Aulas de informática, desenvolvendo sites, montagem e desmontagem de computadores.",Não,"Interesse por tecnologia, Oportunidades de carreira, Potencial de renda",Menos de 1 hora,Youtube ou YouTube Music,Redes sociais,"Às vezes, encontro",Masculino,4,"Às vezes, destacam",1,Sim,,,,
24/04/2025 18:52:49,Entre 26 anos e 41 anos,"Pós-graduação lato sensu (Especialização, Residência, MBA) completa",Analista de ti,Curitiba pr,Entre 3 e 5 salários mínimos,"Sim, trabalho e estudo",Uso de computador pessoal,Não,Interesse por tecnologia,Não escuta,Deezer,"Redes sociais, Podcasts, Artigos científicos","Às vezes, encontro",Masculino,3,"Às vezes, destacam",4,Sim,N/a,N/a,,
24/04/2025 20:54:33,Entre 26 anos e 41 anos,Superior completo (graduação),Líder técnico ,"São Paulo, SP",Entre 3 e 5 salários mínimos,"Sim, trabalho e estudo",Tive meu primeiro contato nos anos 2006.,Não,"Interesse por tecnologia, Oportunidades de carreira, Potencial de renda",Não escuta,Youtube ou YouTube Music,"Redes sociais, Livros e revistas, Artigos científicos","Sim, encontro facilmente",Masculino,5,"Sim, destacam e valorizam",2,Não,Não conheço ,Desconheço ,"Que começa se a ter, pois hoje não conheço nenhum ",-
24/04/2025 21:27:03,Entre 26 anos e 41 anos,Superior completo (graduação),Desenvolvedor Frontend,São Paulo ,entre 6 e 10 salários mínimos,"Sim, trabalho e estudo",Na faculdade ,Não,"Interesse por tecnologia, Oportunidades de carreira, Potencial de renda",7 a 10 horas,Spotify,"Redes sociais, Livros e revistas, Eventos e conferências, Podcasts, Artigos científicos","Às vezes, encontro",Masculino,3,"Às vezes, destacam",5,Sim,,,,
24/04/2025 21:39:58,Entre 18 e 25 anos,Superior incompleto,Estagiário ti,"Curitiba, PR",,"Sim, trabalho e estudo",,Não,"Interesse por tecnologia, Oportunidades de carreira, Potencial de renda",Não escuta,,Redes sociais,"Sim, encontro facilmente",Masculino,,,1,Sim,,,,
24/04/2025 22:29:59,Entre 26 anos e 41 anos,Superior incompleto,Sou Mei ,Almirante Tamandaré ,Entre 1 e 3 salários mínimos,Não,estudos e laser,Não,Oportunidades de carreira,Não escuta,Youtube ou YouTube Music,"Redes sociais, Conhecidos que fazem parte da area","Às vezes, encontro",Feminino,3,"Às vezes, destacam",,Sim,Não vejo,Não ouço ,Não sei,Não sei
24/04/2025 22:34:00,Entre 18 e 25 anos,Superior incompleto,Bolsa de pesquisa,Almirante tamandaré ,Menos de um salário mínimo,"Sim, trabalho e estudo",Quando pequeno ja gostava de computadores ,Não,"Interesse por tecnologia, Oportunidades de carreira, Influência de amigos ou familiares, Potencial de renda, Desejo de resolver problemas",Não escuta,Spotify,"Redes sociais, Livros e revistas, Eventos e conferências, Artigos científicos","Sim, encontro facilmente",Masculino,3,"Às vezes, destacam",1,Não,Sinapse,Difícil ouvir ,Não sei,Sim 
24/04/2025 22:38:36,Entre 18 e 25 anos,Superior incompleto,Assitente de Relacionamento,"Colombo, PR",Entre 1 e 3 salários mínimos,Não,"Quando meus pais compraram um computador, eu jogava jogos no Friv, tinha uns 9/11 anos",Não,"Interesse por tecnologia, Influência de amigos ou familiares, Desejo de resolver problemas",Menos de 1 hora,"Spotify, Youtube ou YouTube Music","Redes sociais, Blogs e vlogs","Às vezes, encontro",Feminino,4,"Às vezes, destacam",2,Não,,,,
25/04/2025 05:45:20,Entre 26 anos e 41 anos,Superior completo (graduação),Desenvolvedor,"Campinas, SP, Brasil",Entre 3 e 5 salários mínimos,"Sim, trabalho","Desde de criança tenho contato com jogos eletrônicos (super Nintendo), a partir disso tive um computador",Não,"Oportunidades de carreira, Influência de amigos ou familiares, Potencial de renda, Desejo de resolver problemas",Menos de 1 hora,Youtube ou YouTube Music,"Redes sociais, Livros e revistas, Eventos e conferências, Podcasts, Artigos científicos","Às vezes, encontro",Masculino,3,"Às vezes, destacam",5,Sim,Não tenho um que escuto com tanta frequencia,"Acredito que o tema sobre as minorias na area de TI, saindo apenas dos números e indo mais sobre a permanência dessas pessoas na área e como que as empresas realmente tratam a formação delas.","Trazer minorias que atuam na área contando histórias sobre as vivências em empresas diferentes e expor de forma clara as deficiências e preconceito exercido pela empresa, além de iniciar discussões e aumento da conexão entre a comunidade.",Além de conhecer as pessoas seria interessante ver os projetos das pessoas.
25/04/2025 08:18:35,Entre 26 anos e 41 anos,"Pós-graduação lato sensu (Especialização, Residência, MBA) completa",Analista de sistemas,,Entre 3 e 5 salários mínimos,"Sim, trabalho",,Não,"Interesse por tecnologia, Desejo de resolver problemas",4 a 6 horas,Spotify,"Eventos e conferências, Podcasts","Às vezes, encontro",Masculino,2,"Às vezes, destacam",3,Não,,,,
25/04/2025 09:14:10,Entre 26 anos e 41 anos,"Pós-graduação lato sensu (Especialização, Residência, MBA) completa",Engenheiro de Software,"Curitiba, PR, Brasil",mais de 15 salários mínimos,"Sim, trabalho e estudo",Farol do Saber (uma lan houses públicas que a prefeitura de Curitiba disponibilizava nos anos 2000),Não,"Interesse por tecnologia, Oportunidades de carreira, Influência de amigos ou familiares, Potencial de renda",Menos de 1 hora,"Youtube ou YouTube Music, Amazon Music","Redes sociais, Blogs e vlogs, Livros e revistas, Artigos científicos","Às vezes, encontro",Masculino,4,"Às vezes, destacam",5,Sim,,,,
25/04/2025 09:17:16,Entre 26 anos e 41 anos,Superior completo (graduação),Projetista Mecânico,Joinville-SC,entre 6 e 10 salários mínimos,Não,"Início da vivência na faixa dos 12 anos de idade, através de jogos de computador.",Não,Potencial de renda,1 a 3 horas,"Spotify, Youtube ou YouTube Music","Redes sociais, Blogs e vlogs, Livros e revistas, Eventos e conferências, Podcasts, Artigos científicos","Às vezes, encontro",Masculino,5,"Sim, destacam e valorizam",3,Não,,"Nenhum, se eu quisesse ouvir sobre inclusão e representatividade eu não estaria buscando informações sobre tecnologia, e sim sobre ciências sociais.",Que as pessoas da diversidade estejam cada vez mais capacitadas para falar sobre o assunto.,"Absolutamente não, gostaria que fosse explorado o tema ''ciência e computação''."
25/04/2025 09:29:40,Entre 18 e 25 anos,Superior incompleto,Estudante ,"Colombo, PR, Brasil",Entre 1 e 3 salários mínimos,"Sim, estudo",Acredito que em 2017 quando tive minhas primeiras aulas de informática no ensino médio ,Não,"Interesse por tecnologia, Oportunidades de carreira",Menos de 1 hora,"Spotify, Youtube ou YouTube Music","Redes sociais, Livros e revistas, Eventos e conferências, Podcasts","Às vezes, encontro",Feminino,4,"Sim, destacam e valorizam",5,Sim,,"Mulheres na tecnologia num geral, brasileiros como dev no exterior","Dedicar podcast com a comunidade LGBTQIA+, mulheres, indígenas e pessoas negras, como convidados ou apresentadores, e trazer o dia dia dessas pessoas as dificuldades que passou e mostrar como essas pessoas tiveram sucesso e que isso é possível",
25/04/2025 10:15:19,Entre 26 anos e 41 anos,Superior incompleto,Estudante,"Curitiba, PR, Brasil",entre 6 e 10 salários mínimos,"Sim, estudo",Meu pai comprou um computador quando eu era jovem,Não,"Interesse por tecnologia, Oportunidades de carreira, Influência de amigos ou familiares",Não escuta,"Spotify, Youtube ou YouTube Music","Redes sociais, Blogs e vlogs","Às vezes, encontro",Masculino,3,"Às vezes, destacam",1,Sim,,,,Pessoas neurodivergentes
25/04/2025 11:08:36,Entre 26 anos e 41 anos,Superior incompleto,Estagiário - Análise de Dados ,"Curitiba, PR, Brasil",Entre 1 e 3 salários mínimos,"Sim, trabalho e estudo","Na infância, através de jogos eletrônicos",Não,"Interesse por tecnologia, Oportunidades de carreira, Potencial de renda, Desejo de resolver problemas",Menos de 1 hora,"Spotify, Youtube ou YouTube Music","Redes sociais, Livros e revistas, Podcasts, Artigos científicos","Às vezes, encontro",Masculino,4,"Às vezes, destacam",4,Não,Café Debug,"Inclusão Digital e Acessibilidade, Impacto Social da Tecnologia e Diversidade (Como a participação feminina, etc...)",Diversificação dos convidados (Diferentes origens e culturas) e acessibilidade de seus conteúdos ,
25/04/2025 12:50:45,Entre 18 e 25 anos,Superior incompleto,Estudante,"Curitiba, PR, Brasil",Entre 1 e 3 salários mínimos,"Sim, estudo","Jogos online uando era bem pequena, como club penguin.l",Não,"Interesse por tecnologia, Oportunidades de carreira, Influência de amigos ou familiares, Potencial de renda, Desejo de resolver problemas",Não escuta,Spotify,"Livros e revistas, Eventos e conferências, Artigos científicos","Às vezes, encontro",Feminino,3,"Não, não destacam",4,Sim,,,,
25/04/2025 13:05:25,Entre 18 e 25 anos,Superior incompleto,,,,"Sim, trabalho e estudo",,Não,"Interesse por tecnologia, Oportunidades de carreira",Não escuta,,"Redes sociais, Blogs e vlogs","Às vezes, encontro",Masculino,,,,,,,,
25/04/2025 13:10:42,Entre 18 e 25 anos,Superior incompleto,Estagiária,Curitiba,Entre 1 e 3 salários mínimos,"Sim, trabalho e estudo","Em casa, no computador da família",Não,"Interesse por tecnologia, Oportunidades de carreira, Influência de amigos ou familiares, Potencial de renda, Desejo de resolver problemas",Menos de 1 hora,,"Redes sociais, Blogs e vlogs, Eventos e conferências, Artigos científicos","Sim, encontro facilmente",Feminino,4,"Às vezes, destacam",4,Sim,,Inclusão das mulheres,,
25/04/2025 15:06:20,Entre 26 anos e 41 anos,Pós-graduação incompleta,Analista de Dados,"Curitiba, PR, Brasil",Entre 3 e 5 salários mínimos,"Sim, trabalho e estudo",Jogos,Não,"Interesse por tecnologia, Influência de amigos ou familiares",Não escuta,"Spotify, Youtube ou YouTube Music",Redes sociais,"Às vezes, encontro",Feminino,2,"Não, não destacam",5,Sim,,"Mulheres, PcDs e LGBT na tecnologia","Além de audiodescrição, ter também vídeo com legendas para deficientes auditivos poderem ter acesso ao conteúdo",
25/04/2025 15:30:42,Entre 26 anos e 41 anos,Superior completo (graduação),Dev,"Curitiba, PR, Brasil",entre 6 e 10 salários mínimos,"Sim, trabalho","Escola municipal, curso de informática",Não,"Interesse por tecnologia, Oportunidades de carreira, Potencial de renda, Desejo de resolver problemas",Mais de 10 horas,"Spotify, Youtube ou YouTube Music","Redes sociais, Podcasts","Às vezes, encontro",Masculino,3,"Às vezes, destacam",5,Não,,"projetos desenvolvidos só por mulheres, pessoas negras ou PcD",,
25/04/2025 15:51:53,Entre 26 anos e 41 anos,Superior incompleto,,,Entre 1 e 3 salários mínimos,"Sim, trabalho",,Não,"Interesse por tecnologia, Oportunidades de carreira, Potencial de renda, Desejo de resolver problemas",1 a 3 horas,"Spotify, Youtube ou YouTube Music","Redes sociais, Blogs e vlogs, Livros e revistas, Eventos e conferências, Podcasts","Não, tenho dificuldade de encontrar",Masculino,3,"Sim, destacam e valorizam",3,Sim,,,,
25/04/2025 16:28:50,Entre 18 e 25 anos,Superior incompleto,Estudante,"Curitiba, PR, Brasil",mais de 15 salários mínimos,"Sim, estudo",Apenas na faculdade,Não,"Interesse por tecnologia, Influência de amigos ou familiares, Potencial de renda, Desejo de resolver problemas",Menos de 1 hora,"Spotify, Youtube ou YouTube Music","Livros e revistas, Eventos e conferências, Artigos científicos","Às vezes, encontro",Feminino,1,"Às vezes, destacam",4,Não,,,,
25/04/2025 18:04:53,Entre 26 anos e 41 anos,"Pós-graduação lato sensu (Especialização, Residência, MBA) completa",Engenheiro Civil,"Imperatriz, MA, Brasil",Entre 3 e 5 salários mínimos,"Sim, estudo",Atraves de uma disciplina na graduação ,Não,"Interesse por tecnologia, Oportunidades de carreira, Influência de amigos ou familiares, Potencial de renda, Desejo de resolver problemas",1 a 3 horas,"Spotify, Deezer","Blogs e vlogs, Livros e revistas, Podcasts","Sim, encontro facilmente",Masculino,4,"Sim, destacam e valorizam",5,Sim,Devs 40+,Oportunidades no mercado de trabalho ,Convidar mais,
25/04/2025 18:22:05,Entre 42 anos e 57 anos,Superior completo (graduação),Servidor Público Municipal,"Guarujá, SP, Brasil",Entre 3 e 5 salários mínimos,Não,cursos de informática,Não,"Interesse por tecnologia, Desejo de resolver problemas",1 a 3 horas,"PocketCasts, AntennaPod","Redes sociais, Blogs e vlogs, Podcasts","Às vezes, encontro",Masculino,3,"Às vezes, destacam",4,Sim,Data Hackers,mulheres e negros nas TIC,,software livre e afroempreendedorismo
25/04/2025 19:07:10,Entre 42 anos e 57 anos,"Pós-graduação lato sensu (Especialização, Residência, MBA) completa",Desenvolvedor,"São Paulo, SP, Brasil",mais de 15 salários mínimos,"Sim, trabalho e estudo",12,Não,"Interesse por tecnologia, Oportunidades de carreira, Potencial de renda",1 a 3 horas,"Apple Podcasts, Youtube ou YouTube Music","Redes sociais, Livros e revistas, Podcasts, Artigos científicos","Sim, encontro facilmente",Masculino,3,"Às vezes, destacam",4,Sim,Emilias Podcast,Representatividade Feminina,"Convidar pessoas de diferentes backgrounds (étnico, geográfico, etc)",Deficiência 
25/04/2025 21:29:13,Entre 26 anos e 41 anos,Pós-graduação stricto sensu (Mestrado ou Doutorado) completa,Engenheiro de Dados,"Mossoró, RN, Brasil",mais de 15 salários mínimos,"Sim, trabalho e estudo","Disciplina de cálculo 1: fazer um programa em C que identificava se dois vetores eram ortogonais, paralelos ou nenhum dos dois.",Não,"Interesse por tecnologia, Oportunidades de carreira, Influência de amigos ou familiares, Potencial de renda, Desejo de resolver problemas",Mais de 10 horas,Spotify,"Livros e revistas, Artigos científicos","Às vezes, encontro",Masculino,3,"Não, não destacam",5,Sim,Naruhodo,,"Convidar mulhere, pessoas pretas, neurodivergente, etc. para falar sobre o que elas fazem sem focar na questão de ser de um grupo minoritário. Ou se for para focar, dar dicas de como esses grupos podem fazer para ascender dentro da área. E não ""como é ser uma pessoa X dentro de TI"", esse povo já sabe como é. É um reflexo da realidade que vivem todos os dias.",
25/04/2025 21:56:05,Entre 26 anos e 41 anos,Pós-graduação stricto sensu (Mestrado ou Doutorado) completa,Engenheiro de Dados,"Vitória, ES, Brasil",mais de 15 salários mínimos,"Sim, trabalho e estudo","Acesso a computador em casa e num pequeno negócio do meu pai, ainda antes de dez anos.",Sim,"Interesse por tecnologia, Oportunidades de carreira, Potencial de renda, Desejo de resolver problemas",1 a 3 horas,"Spotify, RSS com Podcast Addicted","Redes sociais, Livros e revistas, Podcasts","Às vezes, encontro",Masculino,4,"Sim, destacam e valorizam",1,Não,Inimigos do hAIpe,"Não acredito que esses devam ser temas primários de podcasts sobre mercado ou técnicos. Ainda assim, tangencialmente ou quando relevante ao assunto, podem ser pertinentes à discussão. Nos que ouço, eventualmente dão citados temas relacionados a mulheres e pessoas negras.","Tratar muito mais das disparidades e limitações ao acesso a tecnologia (e tudo a ela atelado) por meio da renda baixa, da dificuldade de acesso a equipamento no Brasil, e a baixa qualidade do ensino básico e médio na rede pública.",Desigualdade de renda/patrimônio  e como ela afeta fortemente a composição de profissionais no mercado hoje. O mesmo com relação ao ensino básico e médio na rede pública.
25/04/2025 22:28:54,Entre 26 anos e 41 anos,Superior incompleto,Estudante,"Ourinhos, SP; Brasil",Entre 3 e 5 salários mínimos,"Sim, trabalho e estudo","Na adolescencia, atraves de conteudo audiovisual e ficcional na web.",Não,"Interesse por tecnologia, Oportunidades de carreira, Desejo de resolver problemas",1 a 3 horas,"Spotify, Youtube ou YouTube Music","Redes sociais, Blogs e vlogs, Livros e revistas, Eventos e conferências, Podcasts, Artigos científicos","Sim, encontro facilmente",Masculino,2,"Não, não destacam",5,Sim,não encontro,"apenas força de trabalho diversa, sem interdisciplinaridade critica de projetos práticos e estruturais com computação para diminuir gargalos de inclusão e representatividade",trazer gente que está no front construindo alternativas de inclusao e representação de fato com computação.,"oportunidade de carreira, auxílios financeiros em cursos e programas, inserção na educação basica de periferias."
26/04/2025 02:52:33,Entre 18 e 25 anos,Superior incompleto,Estudante,"Curiti, PR, Brasil",entre 11 e 15 salários mínimos,"Sim, estudo",Jogos e família ,Não,"Interesse por tecnologia, Desejo de resolver problemas",Não escuta,,"Redes sociais, Livros e revistas, Artigos científicos","Não, tenho dificuldade de encontrar",Masculino,3,"Às vezes, destacam",2,Não,,,,
26/04/2025 08:31:53,Entre 18 e 25 anos,Superior incompleto,Estudante,"Curitiba, PR, Brasil",Entre 1 e 3 salários mínimos,"Sim, estudo",Uso de computadores e principalmente na faculdade.,Não,"Oportunidades de carreira, Potencial de renda",Não escuta,,Redes sociais,"Às vezes, encontro",Feminino,3,"Às vezes, destacam",3,Sim,Não costumo ouvir podcasts. ,Não costumo ouvir podcasts. ,Não deixar de falar sobre o assunto. ,
26/04/2025 09:11:02,Entre 26 anos e 41 anos,Superior incompleto,Desempregado,São Paulo,Entre 1 e 3 salários mínimos,"Sim, estudo",Criação de jogos Flash,Não,"Interesse por tecnologia, Oportunidades de carreira, Potencial de renda, Desejo de resolver problemas",1 a 3 horas,"Spotify, Youtube ou YouTube Music",Redes sociais,"Não, tenho dificuldade de encontrar",Não binário,4,"Às vezes, destacam",1,Não,,,,"Quando aplicável, tratar da temática de barreiras de inclusão no início de carreira "
26/04/2025 15:35:01,Entre 26 anos e 41 anos,"Pós-graduação lato sensu (Especialização, Residência, MBA) completa",Engenheiro de software ,"Monte santo de minas, Mg",entre 11 e 15 salários mínimos,"Sim, trabalho",Em uma escola de informática sendo aluno depois professor ,Não,"Interesse por tecnologia, Potencial de renda",1 a 3 horas,Pocket cast,"Blogs e vlogs, Podcasts, YouTube ","Sim, encontro facilmente",Masculino,1,"Não, não destacam",5,Sim,Não conheço nenhum ,Nunca ouvi um episódio de um podcast de Tec que falasse verdadeiramente de inclusão ,Convidar pessoas PCD para participar dos podcasts. ,Sim. Principalmente temas ligados a como as empresas de adaptam e usam suas tecnologias para retrucar e após isso os planos de carreira para pessoas pcd
26/04/2025 21:07:08,Entre 26 anos e 41 anos,"Pós-graduação lato sensu (Especialização, Residência, MBA) completa",Professor,"Boca do Acre, AM, Brasil",entre 6 e 10 salários mínimos,"Sim, trabalho e estudo",Aulas de informática básica,Sim,"Interesse por tecnologia, Oportunidades de carreira",1 a 3 horas,Pocket casts,,"Às vezes, encontro",Masculino,4,"Às vezes, destacam",2,Sim,Fronteiras da Engenharia de Software,Ambiente acadêmico e de trabalho,,"Sim, sobre pessoas de cidades menores e mais isoladas "
27/04/2025 00:14:33,Entre 26 anos e 41 anos,Superior incompleto,TI,"curitiba,pr,brasil",Entre 1 e 3 salários mínimos,"Sim, trabalho e estudo",computador pessoal,Não,Interesse por tecnologia,Menos de 1 hora,Youtube ou YouTube Music,"Redes sociais, Blogs e vlogs","Às vezes, encontro",Masculino,5,"Às vezes, destacam",1,Não,,,,
27/04/2025 04:59:52,Entre 18 e 25 anos,Superior incompleto,Estudante,"Curitiba, PR, Brasil",entre 6 e 10 salários mínimos,"Sim, estudo","Tive acesso ao computador desde criança, jogava jogos eletrônicos e utilizava a internet para baixar jogos, músicas, e ver coisas diferentes.",Não,"Oportunidades de carreira, Desejo de resolver problemas",Não escuta,"Spotify, Youtube ou YouTube Music","Redes sociais, Blogs e vlogs, Livros e revistas","Às vezes, encontro",Masculino,3,"Às vezes, destacam",2,Sim,,Não tenho acompanhado podcasts sobre tecnologia/computação,,
27/04/2025 05:02:20,Entre 26 anos e 41 anos,Superior completo (graduação),desenvolvedora de software,"a Coruña, Espanha ",mais de 15 salários mínimos,"Sim, trabalho","minha pedagoga me introduziu o jogo Logo que ensinava um pouco de programação, depois fiz técnico junto com ensino médio ",Não,Interesse por tecnologia,Menos de 1 hora,Spotify,"Redes sociais, Blogs e vlogs, Eventos e conferências","Às vezes, encontro",Feminino,4,"Não, não destacam",1,Não,hipsters ponto tech,,,
27/04/2025 09:22:14,Entre 26 anos e 41 anos,Superior incompleto,Auxiliar administrativo ,"Pato Branco, PR, Brasil",Entre 1 e 3 salários mínimos,"Sim, estudo",Quando ganhei meu primeiro computador na infância ,Não,Influência de amigos ou familiares,Não escuta,"Spotify, Youtube ou YouTube Music","Redes sociais, Blogs e vlogs","Às vezes, encontro",Masculino,4,"Às vezes, destacam",5,Sim,,,,
27/04/2025 23:41:08,Entre 18 e 25 anos,Superior incompleto,Desenvolvedor de software,"Curitiba, PR, Brasil",entre 6 e 10 salários mínimos,"Sim, trabalho e estudo","Desde novo sempre gostei muito de mexer no computador, seja para jogar como para as aulas de informáticas, com o tempo comecei a me direcionar para essa área de programação",Não,"Interesse por tecnologia, Oportunidades de carreira, Potencial de renda",Não escuta,,"Redes sociais, Blogs e vlogs, Eventos e conferências","Sim, encontro facilmente",Masculino,3,"Sim, destacam e valorizam",5,Sim,,,,
28/04/2025 10:31:56,Entre 18 e 25 anos,Superior completo (graduação),Analista de Sistemas,"Natal, RN, Brasil",Prefiro não responder,,Matérias na faculdade,Não,"Interesse por tecnologia, Oportunidades de carreira, Potencial de renda, Desejo de resolver problemas",Menos de 1 hora,Spotify,"Blogs e vlogs, Livros e revistas, Eventos e conferências, Artigos científicos","Às vezes, encontro",Masculino,3,"Às vezes, destacam",4,Sim,Hipster Ponto Tech,,"Trazer mais pessoas diversas, de grupos sociais diferentes e abordar temas mais sociais ás vezes",
28/04/2025 10:35:50,Entre 18 e 25 anos,Superior incompleto,Estudante,"Natal, RN",Menos de um salário mínimo,"Sim, estudo",Nas aulas de robótica da escola,Não,"Interesse por tecnologia, Oportunidades de carreira, Potencial de renda, Desejo de resolver problemas",1 a 3 horas,"Spotify, Youtube ou YouTube Music","Redes sociais, Blogs e vlogs, Livros e revistas, Eventos e conferências, Podcasts","Às vezes, encontro",Feminino,3,"Não, não destacam",1,Sim,,No geral não há esses temas,,
28/04/2025 10:50:22,Entre 18 e 25 anos,Superior completo (graduação),Aluno de doutorado ,"Montreal, quebec, canada ",mais de 15 salários mínimos,"Sim, estudo",Sempre tive acesso a computadores ,Não,"Interesse por tecnologia, Oportunidades de carreira, Potencial de renda, Desejo de resolver problemas",Não escuta,,"Redes sociais, Blogs e vlogs, Livros e revistas, Eventos e conferências, Artigos científicos","Às vezes, encontro",Masculino,5,"Às vezes, destacam",1,Não,,,,
28/04/2025 11:10:43,Entre 26 anos e 41 anos,Superior completo (graduação),Estudante,"Natal, RN/BR",Entre 1 e 3 salários mínimos,"Sim, estudo",Uso de computadores ,Não,"Interesse por tecnologia, Oportunidades de carreira, Potencial de renda, Desejo de resolver problemas",Não escuta,Spotify,"Redes sociais, Blogs e vlogs, Livros e revistas","Às vezes, encontro",Feminino,2,"Às vezes, destacam",5,Não,,,,
28/04/2025 12:04:16,Entre 26 anos e 41 anos,Superior completo (graduação),Agende suporte ,"Curitiba,Pr,Brasil ",Entre 3 e 5 salários mínimos,"Sim, trabalho",Uso de computador ,Não,"Interesse por tecnologia, Oportunidades de carreira, Influência de amigos ou familiares, Potencial de renda, Desejo de resolver problemas",Menos de 1 hora,"Spotify, Youtube ou YouTube Music","Redes sociais, Blogs e vlogs, Podcasts","Não, tenho dificuldade de encontrar",Feminino,3,"Às vezes, destacam",5,Sim,,,,
28/04/2025 13:48:06,Entre 26 anos e 41 anos,Pós-graduação incompleta,Engenheiro de Plataforma Senior,"Aparecida de Goiânia, GO, Brasil",mais de 15 salários mínimos,"Sim, trabalho e estudo","Desde criança, por volta dos 8-10 anos comecei a ter contato com jogos em lan houses, me interessei muito por computadores, aos 12 ingressei em um curao de montagem e manutenção de redes e computadores, aos 13 tive meu primeiro computador e comecei a me interessar por programar.",Não,"Interesse por tecnologia, Desejo de resolver problemas",1 a 3 horas,Youtube ou YouTube Music,"Redes sociais, Blogs e vlogs, Livros e revistas, Eventos e conferências, Podcasts","Às vezes, encontro",Masculino,3,"Às vezes, destacam",3,Sim,Fronteiras da engenharia de software,,,
28/04/2025 14:34:11,Entre 18 e 25 anos,Superior completo (graduação),Estudante,"Natal, RN, Brasil",Entre 3 e 5 salários mínimos,"Sim, estudo",jogos eletrônicos,Não,"Interesse por tecnologia, Oportunidades de carreira, Potencial de renda",Não escuta,não escuto,"Redes sociais, Blogs e vlogs","Sim, encontro facilmente",Masculino,3,"Às vezes, destacam",2,Sim,não ouço podcasts de computação,não ouço podcasts de computação,não sei,não sei
28/04/2025 14:40:04,Entre 26 anos e 41 anos,Pós-graduação incompleta,Software Developer,"Valparaiso de Goias, GO, Brasil",Entre 3 e 5 salários mínimos,"Sim, trabalho e estudo",jogos eletronicos,Não,"Interesse por tecnologia, Oportunidades de carreira, Desejo de resolver problemas",4 a 6 horas,fountain.fm,"Redes sociais, Blogs e vlogs","Às vezes, encontro",Masculino,3,"Às vezes, destacam",5,Sim,elixir em foco,,,
29/04/2025 11:07:45,Entre 18 e 25 anos,Técnico incompleto,Estudante ,"Curitiba, PR, Brasil ",Prefiro não responder,"Sim, estudo",Com os jogos eletrônicos ,Não,Interesse por tecnologia,Não escuta,Spotify,"Redes sociais, Artigos científicos","Sim, encontro facilmente",Masculino,,,1,Não,,,,
30/04/2025 15:50:21,Entre 26 anos e 41 anos,Superior completo (graduação),Product GTM,Florianópolis,entre 6 e 10 salários mínimos,"Sim, trabalho",SENAI,Não,"Interesse por tecnologia, Oportunidades de carreira, Desejo de resolver problemas",4 a 6 horas,"Spotify, Youtube ou YouTube Music","Blogs e vlogs, Livros e revistas, Eventos e conferências, Podcasts, Artigos científicos","Às vezes, encontro",Masculino,2,"Não, não destacam",4,Sim,https://open.spotify.com/episode/0Eum2VV8OnQmtp9GIyVGjB,"User Persona Research, Product Design, Feedback Loop","Convidar mais profissionais mulheres negras, homens negros e LGBTQ",Colaboração front & back end com times diversos e globais
30/04/2025 18:23:25,Entre 26 anos e 41 anos,Técnico completo,Product Owner,Curitiba,entre 6 e 10 salários mínimos,"Sim, trabalho e estudo",Aulas de informática ,Não,"Interesse por tecnologia, Oportunidades de carreira, Influência de amigos ou familiares, Potencial de renda, Desejo de resolver problemas",1 a 3 horas,"Spotify, Apple Podcasts","Redes sociais, Blogs e vlogs, Eventos e conferências, Podcasts","Às vezes, encontro",Masculino,3,"Às vezes, destacam",2,Sim,,,,
01/05/2025 12:34:42,Entre 26 anos e 41 anos,Pós-graduação incompleta,Analista de qualidade pleno,"Rio de Janeiro, RJ, Brasil",entre 6 e 10 salários mínimos,"Sim, trabalho e estudo","Aos 10 anos com rgss, css, e html",Não,"Interesse por tecnologia, Oportunidades de carreira, Potencial de renda, Desejo de resolver problemas",1 a 3 horas,"Youtube ou YouTube Music, Deezer","Redes sociais, Blogs e vlogs, Livros e revistas, Eventos e conferências, Podcasts, Artigos científicos","Às vezes, encontro",Sou homem trans,2,"Às vezes, destacam",4,Sim,,Inclusão de mulheres cis e pessoas racializadas,Buscar mais pessoas trans e racializadas na área e que estejam em altos cargos,"Sim, temas de IA e deep learning com recortes de gênero raça e sexualidade"
01/05/2025 18:17:26,Entre 26 anos e 41 anos,Pós-graduação incompleta,Desenvolvedor,"Curitiba, PR, Brasil",mais de 15 salários mínimos,"Sim, trabalho e estudo",Com videogames para computador.,Não,"Interesse por tecnologia, Oportunidades de carreira, Influência de amigos ou familiares, Potencial de renda, Desejo de resolver problemas",7 a 10 horas,Spotify,"Eventos e conferências, Artigos científicos","Às vezes, encontro",Masculino,3,"Às vezes, destacam",2,Sim,,Como a tecnologia em si impacta nossa sociedade,,
02/05/2025 22:23:17,Maior que 58 anos.,Pós-graduação stricto sensu (Mestrado ou Doutorado) completa,Professor Universitário ,"Curitiba, PR, Brasil ",entre 11 e 15 salários mínimos,"Sim, trabalho e estudo",Aulas de informática. ,Não,"Interesse por tecnologia, Oportunidades de carreira",Menos de 1 hora,"Spotify, Youtube ou YouTube Music","Livros e revistas, Podcasts, Artigos científicos","Sim, encontro facilmente",Masculino,5,"Sim, destacam e valorizam",5,Sim,Fronteiras da engenharia de software ,Mulheres na computação ,Maior divulgação. ,Não. 
03/05/2025 12:47:34,Entre 42 anos e 57 anos,"Pós-graduação lato sensu (Especialização, Residência, MBA) completa",Engenheiro de software,"Rio de Janeiro, RJ, Brasil",mais de 15 salários mínimos,"Sim, trabalho",Jogos eletrônicos,Não,"Influência de amigos ou familiares, Potencial de renda",4 a 6 horas,pocketcasts,"Redes sociais, Blogs e vlogs, Livros e revistas, Podcasts","Às vezes, encontro",Masculino,3,"Às vezes, destacam",1,Não,Sem indicação,"Não tenho de maneira clara se é um tema discutido fora da comunidade elixir, acredito que não há debate a respeito","Não sei se precisa ser debatido, mas acredito que precise ter mais publicadores que representam estes grupos",Não
05/05/2025 08:49:39,Entre 26 anos e 41 anos,Pós-graduação stricto sensu (Mestrado ou Doutorado) completa,Java Developer,"Curitiba, PR, Brasil",entre 6 e 10 salários mínimos,"Sim, trabalho e estudo",Meu primeiro contato com computação aconteceu durante as aulas de lógica no curso de filosofia da UFG no ano de 2009.,Não,"Dado que gosto muito de lógica, é uma área que consigo utilizar lógica todos os dias.",Não escuta,,"Redes sociais, Livros e revistas, Artigos científicos","Às vezes, encontro",Masculino,,,,,,,Podcast feminino falando sobre computação.,Linguagens funcionais e problemas de computabilidade empírica e material
05/05/2025 09:03:41,Entre 26 anos e 41 anos,Superior completo (graduação),Desenvolvedor,"Campinas, SP, Brasil",entre 6 e 10 salários mínimos,"Sim, trabalho",Jogos de videogame e computador,Não,Interesse por tecnologia,Menos de 1 hora,Spotify,"Redes sociais, Blogs e vlogs","Às vezes, encontro",Masculino,3,"Às vezes, destacam",5,Sim,Não sei responder.,Principalmente representação feminina. Não lembro de presenciar outros grupos.,"Acredito que seja muito da cultura do país, não acredito que tenha muito para onde fugir além das pessoas começarem a se importar com esse tema e passarem a aumentar a inclusão e representatividade, tanto nos temas tratados como nos participantes.",Acredito que explorar temas relacionados a pessoas pretas na computação poderia ser interessante de explorar.
05/05/2025 09:03:43,Entre 26 anos e 41 anos,Superior completo (graduação),Analista de sistemas,Pouso Alegre - MG,Entre 3 e 5 salários mínimos,"Sim, trabalho","Sempre gostei de técnologia, mas fui aprender sobre desenvolvimento apenas na faculdade",Não,"Interesse por tecnologia, Oportunidades de carreira, Potencial de renda",Não escuta,Youtube ou YouTube Music,"Redes sociais, Blogs e vlogs, Livros e revistas, Acompanho diversos cursos via youtube","Sim, encontro facilmente",Masculino,3,"Às vezes, destacam",3,Não,N/A,N/A,N/A,N/A
05/05/2025 09:28:01,Entre 26 anos e 41 anos,"Pós-graduação lato sensu (Especialização, Residência, MBA) completa",Analista de Sistema Senior,"Campinas, SP, Brasil",entre 6 e 10 salários mínimos,"Sim, trabalho","Primeiro contato com desenevolvimento de sistema backend foi indicação de um amigo da faculdade para começar atuar na area técnica, antes disso trabalhava com a parte hardware e software veio em meados de 2010 quando comecei no primeiro emprego para desenvolver sistemas.",Não,"Interesse por tecnologia, Desejo de resolver problemas",Menos de 1 hora,Spotify,"Artigos científicos, Cursos com novas tendencias tecnologicas","Às vezes, encontro",Feminino,5,"Sim, destacam e valorizam",5,Sim,"https://open.spotify.com/show/385UxaXeXMzJMjMWNkvMUw,https://open.spotify.com/show/4N529y6avmcwRFCxezff51","Gosto de ouvir muito parte tecnológica pelo poder feminino, para empoderar mais as mulheres e sentir-se parte desse mundo.",,
05/05/2025 09:58:25,Entre 26 anos e 41 anos,Superior completo (graduação),Analista de Sistemas,"Satuba, AL, Brasil",entre 6 e 10 salários mínimos,"Sim, trabalho",Uso de computadores e jogos eletrônicos,Não,"Interesse por tecnologia, Oportunidades de carreira, Potencial de renda",1 a 3 horas,Spotify,"Redes sociais, Podcasts","Sim, encontro facilmente",Masculino,4,"Às vezes, destacam",4,Não,Hipsters Ponto Tech,"Os temas que consumo normalmente estão relacionado mais a carreira, desenvolvimento ou IA",,
05/05/2025 15:24:46,Entre 42 anos e 57 anos,"Pós-graduação lato sensu (Especialização, Residência, MBA) completa",Arquiteto de Software,"São Paulo, SP, Brasil",entre 11 e 15 salários mínimos,"Sim, trabalho",Em casa,Não,"Interesse por tecnologia, Influência de amigos ou familiares",Menos de 1 hora,Youtube ou YouTube Music,"Blogs e vlogs, Podcasts, Documentação da tecnologia no site oficial","Às vezes, encontro",Masculino,5,"Às vezes, destacam",1,Não,"Não lembro de nenhum que tenha transcrição em libras ou texto, por exemplo.","Não consigo enxergar temas sobre computação que abordem inclusão e representatividade.

Acho que isso entra muito mais em soft skill para as pessoas saberem ter atitudes de inclusão do que algo palpável diretamente na computação.

Só se formos discutir melhorias em aplicações que podem ser desenvolvidas para este público, por exemplo: como melhorar o Uber ou 99 para que um cego ou surdo utilize o app.","Ter tradutor em libras, disponibilizar a transcrição do audio.","Exatamente o que mencionei acima, quais funcionalidades um app pode disponibilizar para aumentar o uso entre pessoas com deficiência. Pois hoje a maioria dos app's é criado pensando em uma pessoa normal."
05/05/2025 15:32:56,Entre 26 anos e 41 anos,Pós-graduação stricto sensu (Mestrado ou Doutorado) completa,Software Development Engineer in Test,"Belo Horizonte, MG, Brasil",entre 6 e 10 salários mínimos,"Sim, trabalho","Quando criança tínhamos um computador com Windows 98 em casa. Usávamos disquetes pra ver fotos. Também tive um Nintendo e jogava Super Mario. O primeiro contato mais sério foi durante o curso técnico no CEFET-MG, lá aprendi a programar.",Não,"Interesse por tecnologia, Influência de amigos ou familiares, Desejo de resolver problemas",Não escuta,,"Redes sociais, Blogs e vlogs, Livros e revistas, Artigos científicos","Às vezes, encontro",Masculino,2,"Não, não destacam",4,Não,Mimimidias,"Não costumo ouvir podcasts de computação, mas acho vejo com mais frequência a questão da acessibilidade pra PcD visual e acho importantíssimo. Questões de gênero e orientação sexual normalmente são pouco retratados e acho que a maior parte da comunidade ainda é conservadora e/ou ignorante sobre esses assuntos.","Convivência e posicionamento. Trazer materiais, trabalhos e a voz dessas pessoas, e se posicionar claramente. Muitos veículos de mídia tentam se manter numa posição neutra em assuntos ditos políticos, e acho que isso só os torna reféns do medo de serem enquadrados como defensores de X ou Y. Posicionar-se faz algumas pessoas irem embora, mas fortalece muito as que ficam.","Acho que todos. A tecnologia afeta a vida de todo mundo de diferentes maneiras. Até mesmo os povos indígenas, estereotipados como selvagens, também usam. Existem pessoas e comunidades desgraçadas para prover recursos à manutenção de diversas tecnologias. Tem tecnologia sendo usada de forma incrível pro bem comum, tem tecnologia usada pra impor barreiras em várias pessoas só por serem quem são. É difícil escolher alguns temas, mas eu definitivamente não pautaria algo como ""precisamos de mais mulheres/gays/trans em cargos de liderança/diretoria"", não concordo com essa visão liberal de que o mundo se muda um CEO inclusivo de cada vez"
05/05/2025 16:05:00,Entre 42 anos e 57 anos,Pós-graduação stricto sensu (Mestrado ou Doutorado) completa,Professor,"Curitiba, PR, Brasil ",Prefiro não responder,Não,Uso de computadores ,Não,"Interesse por tecnologia, Oportunidades de carreira, Influência de amigos ou familiares, Potencial de renda, Desejo de resolver problemas",1 a 3 horas,Spotify,"Redes sociais, Livros e revistas, Podcasts, Artigos científicos","Às vezes, encontro",Masculino,1,"Não, não destacam",5,Sim,,"IA, Educação e inclusão digital ","Autodescrição, legendas",Temas relacionados a exemplos de melhoria na Educação 
05/05/2025 16:17:52,Entre 42 anos e 57 anos,Superior incompleto,Programador,"Campinas, SP, Brasil",entre 11 e 15 salários mínimos,"Sim, trabalho","no primeiro emprego, como estagiário",Não,"Interesse por tecnologia, Oportunidades de carreira, Potencial de renda, Desejo de resolver problemas",1 a 3 horas,Spotify,"Redes sociais, Blogs e vlogs, Livros e revistas, Podcasts","Sim, encontro facilmente",Masculino,4,"Não, não destacam",1,Não,Segurança Legal,"As dificuldades que mulheres sofrem, e nossa área como uma forma de ascensão social","Além de transcrição e descrições, entrevistar pessoas diversas que tenham consciência",
05/05/2025 17:29:32,Entre 42 anos e 57 anos,"Pós-graduação lato sensu (Especialização, Residência, MBA) completa",Redator técnico,"Porto Alegre, RS, Brasil",entre 6 e 10 salários mínimos,"Sim, trabalho",Programação (desenvolvimento) na faculdade.,Não,"Interesse por tecnologia, Oportunidades de carreira",Menos de 1 hora,"Spotify, Youtube ou YouTube Music","Redes sociais, Blogs e vlogs","Às vezes, encontro",Masculino,1,"Não, não destacam",5,Não,Não consigo.,"Etarismo, pobreza, acesso, educação e acessibilidade.",Trazer mais pessoas com backgrounds diversos para a conversa.,Acesso e periferia.
05/05/2025 18:57:37,Entre 18 e 25 anos,Superior incompleto,Estagiária,"Curitiba, PR, Brasil ",Entre 3 e 5 salários mínimos,"Sim, trabalho e estudo",Na graduação,Não,"Interesse por tecnologia, Oportunidades de carreira, Influência de amigos ou familiares, Potencial de renda, Desejo de resolver problemas",Não escuta,Spotify,"Redes sociais, Blogs e vlogs, Livros e revistas, Eventos e conferências, Artigos científicos","Às vezes, encontro",Feminino,2,"Às vezes, destacam",4,Sim,,,,"O estereótipo de que mulheres são boas nas áreas da tecnologia relacionada à Interface, gestão, UX. Enquanto os homens ""naturalmente"" se destacam nas áreas mais ""brutas"" e técnicas."
05/05/2025 22:04:15,Entre 26 anos e 41 anos,Superior completo (graduação),Vendas/ Eng de produção ,Londrina ,entre 6 e 10 salários mínimos,"Sim, estudo",Programação ,Não,"Interesse por tecnologia, Oportunidades de carreira, Potencial de renda, Desejo de resolver problemas, Oportunidade de trabalho sou autista ",1 a 3 horas,Youtube ou YouTube Music,"Redes sociais, Podcasts","Não, tenho dificuldade de encontrar",Feminino,2,"Às vezes, destacam",3,Sim,,Inclusão de pessoas no mercado de trabalho e vida acadêmica ,,
06/05/2025 07:50:49,Entre 26 anos e 41 anos,Pós-graduação incompleta,Desenvolvedora,Curitiba ,Entre 3 e 5 salários mínimos,"Sim, trabalho e estudo",Na graduação ,Não,"Oportunidades de carreira, Influência de amigos ou familiares",Menos de 1 hora,Spotify,"Blogs e vlogs, Livros e revistas, Artigos científicos","Às vezes, encontro",Feminino,3,"Às vezes, destacam",5,Sim,,,,
07/05/2025 13:48:17,Entre 42 anos e 57 anos,Pós-graduação incompleta,Desenvolvedor,Campinas SP Brasil,Prefiro não responder,"Sim, trabalho",Escola,Sim,"Interesse por tecnologia, Potencial de renda, Desejo de resolver problemas",1 a 3 horas,Spotify,"Redes sociais, Blogs e vlogs, Podcasts","Às vezes, encontro",Masculino,4,"Sim, destacam e valorizam",3,Não,,,,